epoch,train_loss,train_accuracy,val_frame_accuracy,val_frame_f1,val_frame_auc,val_video_accuracy,val_video_f1,val_video_auc,learning_rate
1,0.377598,0.876190,0.888839,0.882187,0.967431,0.911111,0.906542,0.981452,0.00019786
2,0.140383,0.946127,0.910775,0.914513,0.979560,0.922222,0.925373,0.987990,0.00019153
3,0.096169,0.962857,0.927079,0.926435,0.980466,0.946667,0.946188,0.988010,0.00018128
4,0.071839,0.973365,0.910627,0.912823,0.976520,0.924444,0.926407,0.983941,0.00016757
5,0.054893,0.977810,0.925448,0.925888,0.981257,0.940000,0.940919,0.989728,0.00015100
6,0.044825,0.982063,0.920261,0.920672,0.980329,0.935556,0.936264,0.988840,0.00013228
7,0.035093,0.985397,0.922484,0.924104,0.981283,0.935556,0.937093,0.988385,0.00011224
8,0.030969,0.986603,0.913739,0.913854,0.972802,0.928889,0.928889,0.980385,0.00009176
