epoch,train_loss,train_accuracy,val_frame_accuracy,val_frame_f1,val_frame_auc,val_video_accuracy,val_video_f1,val_video_auc,learning_rate
1,0.262263,0.888889,0.914184,0.914539,0.976513,0.951111,0.951111,0.986351,0.00029281
2,0.121798,0.952381,0.897288,0.892675,0.969746,0.924444,0.921296,0.981136,0.00027193
3,0.081892,0.967270,0.898770,0.893464,0.976516,0.917778,0.914550,0.984079,0.00023940
